{"Name":{"0":"Schott PTR70","1":"Schott PTR70 2008","2":"Solel UVAC 3","3":"Siemens UVAC 2010","4":"Schott PTR80","5":"Royal Tech CSP RTUVR 2014 (Manufacturer Specifications)","6":"Royal Tech CSP RTUVR 70M4 (Manufacturer Specifications)","7":"TRX-Solar TRX70-125 (Manufacturer Specifications)"},"Description":{"0":"Schott PTR70","1":"Schott PTR70 2008","2":"Solel UVAC 3","3":"Siemens UVAC 2010","4":"Schott PTR80","5":"Royal Tech CSP RTUVR 2014 (Manufacturer Specifications)","6":"Royal Tech CSP RTUVR 70M4 (Manufacturer Specifications)","7":"TRX70-125 (Manufacturer Specifications)"},"Absorber tube inner diameter":{"0":0.066,"1":0.066,"2":0.066,"3":0.066,"4":0.076,"5":0.066,"6":0.066,"7":0.066},"Absorber tube outer diameter":{"0":0.07,"1":0.07,"2":0.07,"3":0.07,"4":0.08,"5":0.07,"6":0.07,"7":0.07},"Glass envelope inner diameter":{"0":0.115,"1":0.115,"2":0.115,"3":0.109,"4":0.115,"5":0.119,"6":0.1196,"7":0.119},"Glass envelope outer diameter":{"0":0.12,"1":0.12,"2":0.121,"3":0.115,"4":0.12,"5":0.125,"6":0.125,"7":0.125},"Absorber flow plug diameter":{"0":0,"1":0,"2":0,"3":0,"4":0,"5":0,"6":0,"7":0},"Inner surface roughness":{"0":0.000045,"1":0.000045,"2":0.000045,"3":0.000045,"4":0.000045,"5":0.00002,"6":0.00002,"7":0.000045},"Absorber flow pattern (0=tube 1=annular)":{"0":0,"1":0,"2":0,"3":0,"4":0,"5":0,"6":0,"7":0},"Absorber material type (0=304L 1=216L 2=321H 3=B42 Copper)":{"0":0,"1":0,"2":0,"3":1,"4":0,"5":2,"6":2,"7":2},"Var 1 Absorber absorptance":{"0":0.96,"1":0.96,"2":0.96,"3":0.96,"4":0.963,"5":0.953,"6":0.953,"7":0.96},"Var 1 Absorber emittance":{"0":0.06,"1":0.06,"2":0.06,"3":0.06,"4":0.06,"5":0.06,"6":0.06,"7":0.06},"Var 1 Envelope absorptance":{"0":0.02,"1":0.02,"2":0.02,"3":0.02,"4":0.02,"5":0.02,"6":0.02,"7":0.02},"Var 1 Envelope emittance":{"0":0.86,"1":0.86,"2":0.86,"3":0.89,"4":0.86,"5":0.89,"6":0.89,"7":0.88},"Var 1 Envelope transmittance":{"0":0.963,"1":0.963,"2":0.96,"3":0.965,"4":0.964,"5":0.955,"6":0.961,"7":0.96},"Var 1 Is broken glass":{"0":0,"1":0,"2":0,"3":0,"4":0,"5":0,"6":0,"7":0},"Var 1 Annuslus gas type (0=air 1=argon 2=hydrogen)":{"0":2,"1":2,"2":2,"3":2,"4":2,"5":2,"6":2,"7":2},"Var 1 Annulus pressure":{"0":0.0001,"1":0.0001,"2":0.0001,"3":0.000075,"4":0.0001,"5":0.0001,"6":0.0001,"7":0.0001},"Var 1 Estimated avg heat loss":{"0":190,"1":150,"2":175,"3":192,"4":190,"5":175,"6":175,"7":150},"Var 1 Bellows shadowing":{"0":0.96,"1":0.96,"2":0.971,"3":0.963,"4":0.935,"5":0.96,"6":0.96,"7":0.96},"Var 1 Dirt on receiver":{"0":0.98,"1":0.98,"2":0.98,"3":1.0,"4":0.98,"5":0.98,"6":0.98,"7":0.98},"Var 2 Absorber absorptance":{"0":0.96,"1":0.96,"2":0.96,"3":0.96,"4":0.963,"5":0.953,"6":0.953,"7":0.96},"Var 2 Absorber emittance":{"0":0.65,"1":0.65,"2":0.65,"3":0.65,"4":0.65,"5":0.65,"6":0.65,"7":0.65},"Var 2 Envelope absorptance":{"0":0.02,"1":0.02,"2":0.02,"3":0.02,"4":0.02,"5":0.02,"6":0.02,"7":0.02},"Var 2 Envelope emittance":{"0":0.86,"1":0.86,"2":0.86,"3":0.86,"4":0.86,"5":0.89,"6":0.89,"7":0.88},"Var 2 Envelope transmittance":{"0":0.963,"1":0.963,"2":0.96,"3":0.96,"4":0.964,"5":0.955,"6":0.961,"7":0.96},"Var 2 Is broken glass":{"0":0,"1":0,"2":0,"3":0,"4":0,"5":0,"6":0,"7":0},"Var 2 Annulus gas type (0=air 1=argon 2=hydrogen)":{"0":0,"1":0,"2":0,"3":0,"4":0,"5":0,"6":0,"7":0},"Var 2 Annulus pressure":{"0":750,"1":750,"2":750,"3":750,"4":750,"5":750,"6":750,"7":750},"Var 2 Estimated avg heat loss":{"0":1100,"1":1100,"2":1100,"3":1100,"4":1270,"5":1100,"6":1100,"7":1100},"Var 2 Bellows shadowing":{"0":0.96,"1":0.96,"2":0.971,"3":0.971,"4":0.935,"5":0.96,"6":0.96,"7":0.96},"Var 2 Dirt on receiver":{"0":0.98,"1":0.98,"2":0.98,"3":0.98,"4":0.98,"5":0.98,"6":0.98,"7":0.98},"Var 3 Absorber absorptance":{"0":0.8,"1":0.8,"2":0.9,"3":0.9,"4":0.8,"5":0.8,"6":0.8,"7":0.85},"Var 3 Absorber emittance":{"0":0.65,"1":0.65,"2":0.65,"3":0.65,"4":0.65,"5":0.65,"6":0.65,"7":0.65},"Var 3 Envelope absorptance":{"0":0,"1":0,"2":0,"3":0,"4":0,"5":0,"6":0,"7":0},"Var 3 Envelope emittance":{"0":1,"1":1,"2":1,"3":1,"4":1,"5":1,"6":1,"7":1},"Var 3 Envelope transmittance":{"0":1,"1":1,"2":1,"3":1,"4":1,"5":1,"6":1,"7":1},"Var 3 Is broken glass":{"0":1,"1":1,"2":1,"3":1,"4":1,"5":1,"6":1,"7":1},"Var 3 Annulus gas type (0=air 1=argon 2=hydrogen)":{"0":0,"1":0,"2":0,"3":0,"4":0,"5":0,"6":0,"7":0},"Var 3 Annulus pressure":{"0":750,"1":750,"2":750,"3":750,"4":750,"5":750,"6":750,"7":750},"Var 3 Estimated avg heat loss":{"0":1500,"1":1500,"2":1500,"3":1500,"4":1500,"5":1500,"6":1500,"7":1500},"Var 3 Bellows shadowing":{"0":0.96,"1":0.96,"2":0.971,"3":0.971,"4":0.935,"5":0.96,"6":0.96,"7":0.96},"Var 3 Dirt on receiver":{"0":1,"1":1,"2":1,"3":1,"4":1,"5":1,"6":1,"7":1}}