{"hot_fluid" :
	{
		"name" : "SYLTHERM 800",
		"CoolPropID": "INCOMP::S800",
		"cp" : [1.11064e03, 1.68759e00, 5.05279e-05, -4.14550e-08, -8.43282e-15, 3.24922e-18],
		"mu": [5.37949e-01, -5.15545e-03, 1.98567e-05, -3.82072e-08, 3.66201e-11, -1.39647e-14],
		"rho": [1.27056e03 , -1.52333e+00, 1.79440e-03, -1.67403e-06, -3.47574e-15 , 1.09098e-18],
		"kt": [1.90541e-01, -1.91001e-04, 7.76291e-09, -9.70080e-12, 7.02990e-15 , -3.27562e-18],
		"h": [-3.07740e+05, 1.28473e02 , 5.68185e00, -1.18068e-02, 1.43699e-05, -7.14179e-09],
		"t": [2.85990e+02 , 6.29240e-04 , -2.14891e-10, 2.06928e-16, -2.18643e-22, 1.52001e-28],
        "tmax": 673,
		"tmin": 233}
}