{"hot_fluid":
    {
        "name" : "DOWTHERM-A",
        "CoolPropID": "INCOMP::XXXX",
		"cp" : [-2.364e03, 3.946e01, -1.703e-01, 3.904e-04, -4.422e-07, 1.979e-10],
		"mu": [3.40130E-01, -3.37267E-03, 1.33042E-05, -2.60139E-08, 2.51799E-11, -9.64750E-15],
		"rho": [1.493e+03, -3.332e+00, 1.248e-02, -2.968e-05, 3.444e-08, -1.622e-11],
		"kt": [1.856e-01, -1.600e-04, 5.913e-12, 0.0, 0.0, 0.0],
		"h": [-6.511e+05, 4.121e+03, -1.235e01, 2.771e-02, -2.777e-05, 1.106e-08],
		"t": [2.85344e+02, 6.20726e-04, -1.82158e-10, -1.42322e-16, 3.31588e-22, -1.75256e-28],
        "tmax": 673,
		"tmin": 288}
}