{"hot_fluid" :
	{
		"name" : "THERMINOL-VP1",
		"CoolPropID": "INCOMP::TVP1",
		"cp" : [2.88111e02, 5.87494, -6.85657e-03, 4.84416e-06, 1.34662e-14, -5.19062e-18],
		"mu": [2.76215e-01, -2.72677e-03, 1.07520e-05, -2.10810e-08, 2.05132e-11, -7.91778e-15],
		"rho": [1.40271e03 , -1.61326e00, 2.13784e-03, -1.93107e-06, -1.00061e-15 , 4.91279e-19],
		"kt": [1.48620e-01, 1.00259e-05, -1.79349e-07, 6.71676e-12, -3.82962e-15 , 1.80339e-18],
		"h": [244679 , -1.23735e2 , 4.97969, -7.29273e-3, 7.32737e-6, -3.08987e-9],
		"t": [2.86196e2 ,  6.55572e-4 ,  -3.98571e-10,  4.59831e-16,  -3.90899e-22,  1.52529e-28],
		"tmax": 673,
		"tmin": 288}
}