{"hot_fluid": {"name": "preuba htf", "rho": [1071.13711, -0.66794, -0.00072, "", "", ""], "mu": [0.0144502, -8.32838e-05, 1.38092e-06, -5.82052e-09, 1.17142e-11, -8.0433e-15], "kt": [0.1856, -0.00016, 5.913e-12, "", "", ""], "cp": [1522.77738, 2.59864, 0.00046, "", "", ""], "tmax": 400.0, "tmin": 15.0}}