{"hot_fluid": {"name": "Name", "rho": [1071.13711, -0.66794, -0.00072, "", "", ""], "d": [1071.13711, -0.66794, -0.00072, "", "", ""], "mu": [5.135, -0.08395, 0.0005971, -2.409e-06, 6.029e-09, -9.579e-12], "kt": [0.1856, -0.00016, 5.913e-12, "", "", ""], "cp": [1522.77738, 2.59864, 0.00046, "", "", ""], "tmax": 3.0, "tmin": 33.0}}