{"hot_fluid": {
	"name": "THERMINOL VP1",
    "cp": [1522.77738, 2.59864, 0.00046],
	"kt": [1.856e-1 , -1.600e-4 , 5.913e-12],
    "mu": [1.44502E-02, -8.32838E-05, 1.38092E-06, -5.82052E-09, 1.17142E-11, -8.04330E-15],
	"rho": [1071.13711 , -0.66794, -0.00072],
    "tmax": 400.0,
	"tmin": 15.0}}