{"hot_fluid": {
"name": "THERMINOL VP1",
"cp": [1522.77738, 2.59864, 0.00046],
"kt": [1.856e-1 , -1.600e-4 , 5.913e-12],
"mu": [5.135e+00, -8.395e-02, 5.971e-04, -2.409e-06, 6.029e-09, -9.579e-12],
"rho": [1071.13711 , -0.66794, -0.00072],
"d": [1071.13711 , -0.66794, -0.00072],
"tmax": 400.0,
"tmin": 15.0}}